index,k__Bacteria;p__Proteobacteria,barcode-sequence,body-site,year,month,day,subject,reported-antibiotic-usage,days-since-experiment-start,sample-id
L2S155,34.96948118006104,ACGATGCGACCA,left palm,2009.0,1.0,20.0,subject-1,No,84.0,L2S155
L2S175,13.155494756041952,AGCTATCCACGA,left palm,2009.0,2.0,17.0,subject-1,No,112.0,L2S175
L2S204,60.17083201518507,ATGCAGCTCAGT,left palm,2009.0,3.0,17.0,subject-1,No,140.0,L2S204
L2S222,49.7646689676812,CACGTGACATGT,left palm,2009.0,4.0,14.0,subject-1,No,168.0,L2S222
L2S240,51.23493380754791,CATATCGCAGTT,left palm,2008.0,10.0,28.0,subject-2,Yes,0.0,L2S240
L2S309,16.34954193093728,CGTGCATTATCA,left palm,2009.0,1.0,20.0,subject-2,No,84.0,L2S309
L2S357,26.632954066582386,CTAACGCAGTCA,left palm,2009.0,3.0,17.0,subject-2,No,140.0,L2S357
L2S382,18.610907312301297,CTCAATGACTCA,left palm,2009.0,4.0,14.0,subject-2,No,168.0,L2S382
L3S242,7.126948775055679,ACAGTTGCGCGA,right palm,2008.0,10.0,28.0,subject-1,Yes,0.0,L3S242
L3S294,35.91836734693877,CACGACAGGCTA,right palm,2009.0,1.0,20.0,subject-1,No,84.0,L3S294
L3S313,10.335448776065277,AGTGTCACGGTG,right palm,2009.0,2.0,17.0,subject-1,No,112.0,L3S313
L3S341,49.84260230849947,CAAGTGAGAGAG,right palm,2009.0,3.0,17.0,subject-1,No,140.0,L3S341
L3S360,54.37693099897013,CATCGTATCAAC,right palm,2009.0,4.0,14.0,subject-1,No,168.0,L3S360
L3S378,2.401921537229784,ATCGATCTGTGG,right palm,2008.0,10.0,28.0,subject-2,Yes,0.0,L3S378
L4S112,22.90167865707434,GCGTTACACACA,right palm,2009.0,3.0,17.0,subject-2,No,140.0,L4S112
L4S137,31.272912423625254,GAACTGTATCTC,right palm,2009.0,4.0,14.0,subject-2,No,168.0,L4S137
L4S63,20.207307060755337,CTCGTGGAGTAG,right palm,2009.0,1.0,20.0,subject-2,No,84.0,L4S63
